INSERT INTO PUBLIC.IMDB_FILM_MODEL (IMDB_ID, TITLE, FILM_YEAR, BOX_OFFICE, POSTER, GENRE, PLOT)
VALUES ('tt0018578', 'Wings', '1927', null,
        'https://m.media-amazon.com/images/M/MV5BZjBmOTE5MTEtZDcwZC00MzRkLTgzMjYtZjU4YWE5YzM5ZDM5XkEyXkFqcGdeQXVyMzg1ODEwNQ@@._V1_SX300.jpg',
        'Drama, Romance, War',
        'Two young men, one rich, one middle class, who are in love with the same woman, become fighter pilots in World War I.');
INSERT INTO PUBLIC.IMDB_FILM_MODEL (IMDB_ID, TITLE, FILM_YEAR, BOX_OFFICE, POSTER, GENRE, PLOT)
VALUES ('tt0330373', 'Harry Potter and the Goblet of Fire', '2005', 290469928,
        'https://m.media-amazon.com/images/M/MV5BMTI1NDMyMjExOF5BMl5BanBnXkFtZTcwOTc4MjQzMQ@@._V1_SX300.jpg',
        'Adventure, Family, Fantasy',
        'Harry Potter finds himself competing in a hazardous tournament between rival schools of magic, but he is distracted by recurring nightmares.');
INSERT INTO PUBLIC.IMDB_FILM_MODEL (IMDB_ID, TITLE, FILM_YEAR, BOX_OFFICE, POSTER, GENRE, PLOT)
VALUES ('tt7984766', 'The King', '2019', null,
        'https://m.media-amazon.com/images/M/MV5BMWZkNzNlMzMtMjM5ZS00MWYzLWFmMmUtMjE1ODM3NjBlODA5XkEyXkFqcGdeQXVyMTMxODk2OTU@._V1_SX300.jpg',
        'Biography, Drama, History',
        'Hal, wayward prince and heir to the English throne, is crowned King Henry V after his tyrannical father dies. Now the young king must navigate palace politics, the war his father left behind, and the emotional strings of his past ...');
INSERT INTO PUBLIC.IMDB_FILM_MODEL (IMDB_ID, TITLE, FILM_YEAR, BOX_OFFICE, POSTER, GENRE, PLOT)
VALUES ('tt0964517', 'The Fighter', '2010', 93617009,
        'https://m.media-amazon.com/images/M/MV5BMTM0ODk3MjM1MV5BMl5BanBnXkFtZTcwNzc1MDIwNA@@._V1_SX300.jpg',
        'Action, Biography, Drama',
        'Based on the story of Micky Ward, a fledgling boxer who tries to escape the shadow of his more famous but troubled older boxing brother and get his own shot at greatness.');
INSERT INTO PUBLIC.IMDB_FILM_MODEL (IMDB_ID, TITLE, FILM_YEAR, BOX_OFFICE, POSTER, GENRE, PLOT)
VALUES ('tt14502642', 'The Kids', '2021', null,
        'https://m.media-amazon.com/images/M/MV5BMGM5ZTcxZGItYWM0Yy00MDYzLWFkNDUtNWZmOWYyMGY2OTEzXkEyXkFqcGdeQXVyODEwNDQ0Mzc@._V1_SX300.jpg',
        'Documentary',
        '26 years after indie cult classic Kids was released to an unsuspecting nation, this documentary explores the divergent paths of the original cast, delivering an unflinching look back at one of the most iconic films of the 1990''s.');
INSERT INTO PUBLIC.IMDB_FILM_MODEL (IMDB_ID, TITLE, FILM_YEAR, BOX_OFFICE, POSTER, GENRE, PLOT)
VALUES ('tt1399683', 'Winter''s Bone', '2010', 6531503,
        'https://m.media-amazon.com/images/M/MV5BMjA0OTM3MDMxNF5BMl5BanBnXkFtZTcwMDY1MjI0Mw@@._V1_SX300.jpg',
        'Drama, Mystery',
        'An unflinching Ozark Mountain girl hacks through dangerous social terrain as she hunts down her drug-dealing father while trying to keep her family intact.');
INSERT INTO PUBLIC.IMDB_FILM_MODEL (IMDB_ID, TITLE, FILM_YEAR, BOX_OFFICE, POSTER, GENRE, PLOT)
VALUES ('tt0841160', 'Sari''s Mother', '2006', null,
        'https://m.media-amazon.com/images/M/MV5BNWM4NzdlODYtYTQ0Mi00Yzc0LWE5YzMtNzAwYjI5YzYwMWQyXkEyXkFqcGdeQXVyMTkyMjMyNg@@._V1_SX300.jpg',
        'Documentary, Short',
        'An Iraqi mother seeks health care for her 10-year-old son, who is dying of AIDS, against a background of war and occupation.');
INSERT INTO PUBLIC.IMDB_FILM_MODEL (IMDB_ID, TITLE, FILM_YEAR, BOX_OFFICE, POSTER, GENRE, PLOT)
VALUES ('tt0449059', 'Little Miss Sunshine', '2006', 59891098,
        'https://m.media-amazon.com/images/M/MV5BMTgzNTgzODU0NV5BMl5BanBnXkFtZTcwMjEyMjMzMQ@@._V1_SX300.jpg',
        'Comedy, Drama',
        'A family determined to get their young daughter into the finals of a beauty pageant take a cross-country trip in their VW bus.');
INSERT INTO PUBLIC.IMDB_FILM_MODEL (IMDB_ID, TITLE, FILM_YEAR, BOX_OFFICE, POSTER, GENRE, PLOT)
VALUES ('tt0407887', 'The Departed', '2006', 132399394,
        'https://m.media-amazon.com/images/M/MV5BMTI1MTY2OTIxNV5BMl5BanBnXkFtZTYwNjQ4NjY3._V1_SX300.jpg',
        'Crime, Drama, Thriller',
        'An undercover cop and a mole in the police attempt to identify each other while infiltrating an Irish gang in South Boston.');
INSERT INTO PUBLIC.IMDB_FILM_MODEL (IMDB_ID, TITLE, FILM_YEAR, BOX_OFFICE, POSTER, GENRE, PLOT)
VALUES ('tt0449467', 'Babel', '2006', 34302837,
        'https://m.media-amazon.com/images/M/MV5BYTJkZDljNGYtNjRiNC00ZmY2LTg1NmItYTI1MTllNDQzMWVmXkEyXkFqcGdeQXVyMTMxODk2OTU@._V1_SX300.jpg',
        'Drama',
        'Tragedy strikes a married couple on vacation in the Moroccan desert, touching off an interlocking story involving four different families.');
INSERT INTO PUBLIC.IMDB_FILM_MODEL (IMDB_ID, TITLE, FILM_YEAR, BOX_OFFICE, POSTER, GENRE, PLOT)
VALUES ('tt0436697', 'The Queen', '2006', 56441711,
        'https://m.media-amazon.com/images/M/MV5BMTQ3NTMxODg1Ml5BMl5BanBnXkFtZTcwMjEyMjczMQ@@._V1_SX300.jpg',
        'Biography, Drama',
        'After the death of Princess Diana, Queen Elizabeth II struggles with her reaction to a sequence of events nobody could have predicted.');

INSERT INTO PUBLIC.FILM_RATING (ID, FILM_ID, RATE)
VALUES (7, 1, 10);
INSERT INTO PUBLIC.FILM_RATING (ID, FILM_ID, RATE)
VALUES (10, 1, 5);
INSERT INTO PUBLIC.FILM_RATING (ID, FILM_ID, RATE)
VALUES (11, 1, 7);
INSERT INTO PUBLIC.FILM_RATING (ID, FILM_ID, RATE)
VALUES (12, 2, 10);
INSERT INTO PUBLIC.FILM_RATING (ID, FILM_ID, RATE)
VALUES (13, 2, 7);
INSERT INTO PUBLIC.FILM_RATING (ID, FILM_ID, RATE)
VALUES (14, 2, 4);
INSERT INTO PUBLIC.FILM_RATING (ID, FILM_ID, RATE)
VALUES (15, 2, 9);
INSERT INTO PUBLIC.FILM_RATING (ID, FILM_ID, RATE)
VALUES (16, 3, 9);
INSERT INTO PUBLIC.FILM_RATING (ID, FILM_ID, RATE)
VALUES (17, 3, 3);
INSERT INTO PUBLIC.FILM_RATING (ID, FILM_ID, RATE)
VALUES (18, 3, 3);
INSERT INTO PUBLIC.FILM_RATING (ID, FILM_ID, RATE)
VALUES (19, 3, 4);
INSERT INTO PUBLIC.FILM_RATING (ID, FILM_ID, RATE)
VALUES (20, 3, 10);
INSERT INTO PUBLIC.FILM_RATING (ID, FILM_ID, RATE)
VALUES (21, 4, 10);
INSERT INTO PUBLIC.FILM_RATING (ID, FILM_ID, RATE)
VALUES (22, 4, 3);
INSERT INTO PUBLIC.FILM_RATING (ID, FILM_ID, RATE)
VALUES (23, 4, 4);
INSERT INTO PUBLIC.FILM_RATING (ID, FILM_ID, RATE)
VALUES (24, 4, 5);
INSERT INTO PUBLIC.FILM_RATING (ID, FILM_ID, RATE)
VALUES (25, 4, 6);
INSERT INTO PUBLIC.FILM_RATING (ID, FILM_ID, RATE)
VALUES (26, 4, 7);
INSERT INTO PUBLIC.FILM_RATING (ID, FILM_ID, RATE)
VALUES (27, 5, 7);
INSERT INTO PUBLIC.FILM_RATING (ID, FILM_ID, RATE)
VALUES (28, 5, 5);
INSERT INTO PUBLIC.FILM_RATING (ID, FILM_ID, RATE)
VALUES (29, 5, 6);
INSERT INTO PUBLIC.FILM_RATING (ID, FILM_ID, RATE)
VALUES (30, 5, 7);
INSERT INTO PUBLIC.FILM_RATING (ID, FILM_ID, RATE)
VALUES (31, 5, 7);
INSERT INTO PUBLIC.FILM_RATING (ID, FILM_ID, RATE)
VALUES (32, 5, 7);
INSERT INTO PUBLIC.FILM_RATING (ID, FILM_ID, RATE)
VALUES (33, 5, 8);
INSERT INTO PUBLIC.FILM_RATING (ID, FILM_ID, RATE)
VALUES (34, 6, 8);
INSERT INTO PUBLIC.FILM_RATING (ID, FILM_ID, RATE)
VALUES (35, 6, 5);
INSERT INTO PUBLIC.FILM_RATING (ID, FILM_ID, RATE)
VALUES (36, 6, 5);
INSERT INTO PUBLIC.FILM_RATING (ID, FILM_ID, RATE)
VALUES (37, 6, 6);
INSERT INTO PUBLIC.FILM_RATING (ID, FILM_ID, RATE)
VALUES (38, 6, 7);
INSERT INTO PUBLIC.FILM_RATING (ID, FILM_ID, RATE)
VALUES (39, 8, 7);
INSERT INTO PUBLIC.FILM_RATING (ID, FILM_ID, RATE)
VALUES (40, 8, 10);
INSERT INTO PUBLIC.FILM_RATING (ID, FILM_ID, RATE)
VALUES (41, 8, 1);
INSERT INTO PUBLIC.FILM_RATING (ID, FILM_ID, RATE)
VALUES (42, 8, 9);
INSERT INTO PUBLIC.FILM_RATING (ID, FILM_ID, RATE)
VALUES (43, 8, 8);
INSERT INTO PUBLIC.FILM_RATING (ID, FILM_ID, RATE)
VALUES (44, 8, 9);
INSERT INTO PUBLIC.FILM_RATING (ID, FILM_ID, RATE)
VALUES (45, 9, 9);
INSERT INTO PUBLIC.FILM_RATING (ID, FILM_ID, RATE)
VALUES (46, 9, 7);
INSERT INTO PUBLIC.FILM_RATING (ID, FILM_ID, RATE)
VALUES (47, 9, 7);
INSERT INTO PUBLIC.FILM_RATING (ID, FILM_ID, RATE)
VALUES (48, 9, 6);
INSERT INTO PUBLIC.FILM_RATING (ID, FILM_ID, RATE)
VALUES (49, 9, 4);
INSERT INTO PUBLIC.FILM_RATING (ID, FILM_ID, RATE)
VALUES (50, 9, 3);
INSERT INTO PUBLIC.FILM_RATING (ID, FILM_ID, RATE)
VALUES (51, 9, 9);
INSERT INTO PUBLIC.FILM_RATING (ID, FILM_ID, RATE)
VALUES (52, 9, 9);
INSERT INTO PUBLIC.FILM_RATING (ID, FILM_ID, RATE)
VALUES (53, 10, 9);
INSERT INTO PUBLIC.FILM_RATING (ID, FILM_ID, RATE)
VALUES (54, 10, 9);
INSERT INTO PUBLIC.FILM_RATING (ID, FILM_ID, RATE)
VALUES (55, 10, 9);
INSERT INTO PUBLIC.FILM_RATING (ID, FILM_ID, RATE)
VALUES (56, 10, 4);
INSERT INTO PUBLIC.FILM_RATING (ID, FILM_ID, RATE)
VALUES (57, 10, 4);
INSERT INTO PUBLIC.FILM_RATING (ID, FILM_ID, RATE)
VALUES (58, 10, 6);
INSERT INTO PUBLIC.FILM_RATING (ID, FILM_ID, RATE)
VALUES (59, 10, 7);
INSERT INTO PUBLIC.FILM_RATING (ID, FILM_ID, RATE)
VALUES (60, 1, 7);
INSERT INTO PUBLIC.FILM_RATING (ID, FILM_ID, RATE)
VALUES (61, 11, 7);
INSERT INTO PUBLIC.FILM_RATING (ID, FILM_ID, RATE)
VALUES (62, 11, 8);
INSERT INTO PUBLIC.FILM_RATING (ID, FILM_ID, RATE)
VALUES (63, 11, 4);
INSERT INTO PUBLIC.FILM_RATING (ID, FILM_ID, RATE)
VALUES (64, 11, 6);
INSERT INTO PUBLIC.FILM_RATING (ID, FILM_ID, RATE)
VALUES (65, 11, 8);
INSERT INTO PUBLIC.FILM_RATING (ID, FILM_ID, RATE)
VALUES (66, 11, 8);
INSERT INTO PUBLIC.FILM_RATING (ID, FILM_ID, RATE)
VALUES (67, 11, 8);
INSERT INTO PUBLIC.FILM_RATING (ID, FILM_ID, RATE)
VALUES (68, 11, 9);

INSERT INTO PUBLIC.FILM_AWARD_RATING (ID, IMDB_FILM_MODEL_ID, WIN)
VALUES (1, 'tt0018578', 1);
INSERT INTO PUBLIC.FILM_AWARD_RATING (ID, IMDB_FILM_MODEL_ID, WIN)
VALUES (2, 'tt0330373', 0);
INSERT INTO PUBLIC.FILM_AWARD_RATING (ID, IMDB_FILM_MODEL_ID, WIN)
VALUES (3, 'tt7984766', 1);
INSERT INTO PUBLIC.FILM_AWARD_RATING (ID, IMDB_FILM_MODEL_ID, WIN)
VALUES (4, 'tt0964517', 0);
INSERT INTO PUBLIC.FILM_AWARD_RATING (ID, IMDB_FILM_MODEL_ID, WIN)
VALUES (5, 'tt14502642', 0);
INSERT INTO PUBLIC.FILM_AWARD_RATING (ID, IMDB_FILM_MODEL_ID, WIN)
VALUES (6, 'tt1399683', 0);
INSERT INTO PUBLIC.FILM_AWARD_RATING (ID, IMDB_FILM_MODEL_ID, WIN)
VALUES (7, 'tt0841160', 0);
INSERT INTO PUBLIC.FILM_AWARD_RATING (ID, IMDB_FILM_MODEL_ID, WIN)
VALUES (8, 'tt0449059', 0);
INSERT INTO PUBLIC.FILM_AWARD_RATING (ID, IMDB_FILM_MODEL_ID, WIN)
VALUES (9, 'tt0407887', 1);
INSERT INTO PUBLIC.FILM_AWARD_RATING (ID, IMDB_FILM_MODEL_ID, WIN)
VALUES (10, 'tt0449467', 0);
INSERT INTO PUBLIC.FILM_AWARD_RATING (ID, IMDB_FILM_MODEL_ID, WIN)
VALUES (11, 'tt0436697', 0);